{"learner":{"attributes":{"scikit_learn":"{\"_estimator_type\": \"regressor\"}"},"feature_names":["weight","chest","abdomen","hip","biceps","bmi","bai","whr"],"feature_types":["float","float","float","float","float","float","float","float"],"gradient_booster":{"model":{"gbtree_model_param":{"num_parallel_tree":"1","num_trees":"10"},"iteration_indptr":[0,1,2,3,4,5,6,7,8,9,10],"tree_info":[0,0,0,0,0,0,0,0,0,0],"trees":[{"base_weights":[-3.2244577E-7,-4.6496534E0,2.7812989E0,-2.165466E0,4.122872E-1,3.3230272E-1,2.6161518E0],"categories":[],"categories_nodes":[],"categories_segments":[],"categories_sizes":[],"default_left":[0,0,0,0,0,0,0],"id":0,"left_children":[1,3,5,-1,-1,-1,-1],"loss_changes":[4.5262266E3,2.0368701E3,2.1671995E3,0E0,0E0,0E0,0E0],"parents":[2147483647,0,0,1,1,2,2],"right_children":[2,4,6,-1,-1,-1,-1],"split_conditions":[2.3786423E1,8.94E1,1.05E2,-2.165466E0,4.122872E-1,3.3230272E-1,2.6161518E0],"split_indices":[6,2,3,0,0,0,0],"split_type":[0,0,0,0,0,0,0],"sum_hessian":[3.48E2,1.3E2,2.18E2,9.1E1,3.9E1,1.71E2,4.7E1],"tree_param":{"num_deleted":"0","num_feature":"8","num_nodes":"7","size_leaf_vector":"1"}},{"base_weights":[3.4250543E-3,-3.1320221E0,2.4104178E0,-1.8970796E0,-5.062026E-1,-1.08363874E-1,1.4030418E0],"categories":[],"categories_nodes":[],"categories_segments":[],"categories_sizes":[],"default_left":[0,0,0,0,0,0,0],"id":1,"left_children":[1,3,5,-1,-1,-1,-1],"loss_changes":[2.641452E3,6.901725E2,1.2454443E3,0E0,0E0,0E0,0E0],"parents":[2147483647,0,0,1,1,2,2],"right_children":[2,4,6,-1,-1,-1,-1],"split_conditions":[9.73E1,2.2456951E1,2.5171663E1,-1.8970796E0,-5.062026E-1,-1.08363874E-1,1.4030418E0],"split_indices":[3,6,6,0,0,0,0],"split_type":[0,0,0,0,0,0,0],"sum_hessian":[3.48E2,1.51E2,1.97E2,4.6E1,1.05E2,8.9E1,1.08E2],"tree_param":{"num_deleted":"0","num_feature":"8","num_nodes":"7","size_leaf_vector":"1"}},{"base_weights":[-7.788841E-4,-1.0035723E0,5.153945E0,-1.1292939E0,1.4713748E-1,8.9416313E-1,2.1895561E0],"categories":[],"categories_nodes":[],"categories_segments":[],"categories_sizes":[],"default_left":[0,0,0,0,0,0,0],"id":2,"left_children":[1,3,5,-1,-1,-1,-1],"loss_changes":[1.8091964E3,1.2103632E3,2.4392468E2,0E0,0E0,0E0,0E0],"parents":[2147483647,0,0,1,1,2,2],"right_children":[2,4,6,-1,-1,-1,-1],"split_conditions":[9.602386E-1,2.3500639E1,2.766691E1,-1.1292939E0,1.4713748E-1,8.9416313E-1,2.1895561E0],"split_indices":[7,6,5,0,0,0,0],"split_type":[0,0,0,0,0,0,0],"sum_hessian":[3.48E2,2.92E2,5.6E1,1.02E2,1.9E2,2.9E1,2.7E1],"tree_param":{"num_deleted":"0","num_feature":"8","num_nodes":"7","size_leaf_vector":"1"}},{"base_weights":[5.476744E-3,-5.347707E-1,5.7679334E0,-4.515228E-1,8.85632E-1,1.2126306E0,2.405952E0],"categories":[],"categories_nodes":[],"categories_segments":[],"categories_sizes":[],"default_left":[0,0,0,0,0,0,0],"id":3,"left_children":[1,3,5,-1,-1,-1,-1],"loss_changes":[1.0895747E3,1.0871104E3,8.4175354E1,0E0,0E0,0E0,0E0],"parents":[2147483647,0,0,1,1,2,2],"right_children":[2,4,6,-1,-1,-1,-1],"split_conditions":[2.9519318E1,9.4543827E-1,8.44E1,-4.515228E-1,8.85632E-1,1.2126306E0,2.405952E0],"split_indices":[6,7,2,0,0,0,0],"split_type":[0,0,0,0,0,0,0],"sum_hessian":[3.48E2,3.19E2,2.9E1,2.5E2,6.9E1,1.8E1,1.1E1],"tree_param":{"num_deleted":"0","num_feature":"8","num_nodes":"7","size_leaf_vector":"1"}},{"base_weights":[1.5446057E-2,-3.4450576E0,6.46702E-1,-1.5623133E0,2.0929237E-1,7.6239E-2,1.5255789E0],"categories":[],"categories_nodes":[],"categories_segments":[],"categories_sizes":[],"default_left":[0,0,0,0,0,0,0],"id":4,"left_children":[1,3,5,-1,-1,-1,-1],"loss_changes":[7.6460565E2,3.9794873E2,5.144743E2,0E0,0E0,0E0,0E0],"parents":[2147483647,0,0,1,1,2,2],"right_children":[2,4,6,-1,-1,-1,-1],"split_conditions":[2.1835367E1,8.930085E-1,9.9384886E-1,-1.5623133E0,2.0929237E-1,7.6239E-2,1.5255789E0],"split_indices":[6,7,7,0,0,0,0],"split_type":[0,0,0,0,0,0,0],"sum_hessian":[3.48E2,5.3E1,2.95E2,3.7E1,1.6E1,2.72E2,2.3E1],"tree_param":{"num_deleted":"0","num_feature":"8","num_nodes":"7","size_leaf_vector":"1"}},{"base_weights":[1.1525359E-2,-7.7652526E-1,1.9542291E0,-4.80358E-1,2.8609958E-1,-2.1136336E-1,8.5142887E-1],"categories":[],"categories_nodes":[],"categories_segments":[],"categories_sizes":[],"default_left":[0,0,0,0,0,0,0],"id":5,"left_children":[1,3,5,-1,-1,-1,-1],"loss_changes":[5.3581866E2,3.5680835E2,2.393497E2,0E0,0E0,0E0,0E0],"parents":[2147483647,0,0,1,1,2,2],"right_children":[2,4,6,-1,-1,-1,-1],"split_conditions":[2.6955206E1,9.1633856E-1,2.1965393E1,-4.80358E-1,2.8609958E-1,-2.1136336E-1,8.5142887E-1],"split_indices":[6,7,5,0,0,0,0],"split_type":[0,0,0,0,0,0,0],"sum_hessian":[3.48E2,2.48E2,1E2,1.68E2,8E1,2.5E1,7.5E1],"tree_param":{"num_deleted":"0","num_feature":"8","num_nodes":"7","size_leaf_vector":"1"}},{"base_weights":[9.344935E-3,-2.2548351E0,4.8721913E-1,-6.3455164E-2,-1.3506713E0,6.728462E-2,1.2037525E0],"categories":[],"categories_nodes":[],"categories_segments":[],"categories_sizes":[],"default_left":[0,0,0,0,0,0,0],"id":6,"left_children":[1,3,5,-1,-1,-1,-1],"loss_changes":[3.7871426E2,2.7916922E2,2.669826E2,0E0,0E0,0E0,0E0],"parents":[2147483647,0,0,1,1,2,2],"right_children":[2,4,6,-1,-1,-1,-1],"split_conditions":[9.3E1,7.54717E-1,3.0464174E1,-6.3455164E-2,-1.3506713E0,6.728462E-2,1.2037525E0],"split_indices":[3,7,6,0,0,0,0],"split_type":[0,0,0,0,0,0,0],"sum_hessian":[3.48E2,6E1,2.88E2,3.2E1,2.8E1,2.69E2,1.9E1],"tree_param":{"num_deleted":"0","num_feature":"8","num_nodes":"7","size_leaf_vector":"1"}},{"base_weights":[6.130932E-3,-4.2979854E-1,1.6601902E0,1.754446E-1,-3.6965126E-1,3.316728E-1,1.1755573E0],"categories":[],"categories_nodes":[],"categories_segments":[],"categories_sizes":[],"default_left":[0,0,0,0,0,0,0],"id":7,"left_children":[1,3,5,-1,-1,-1,-1],"loss_changes":[2.523611E2,2.2622577E2,8.71006E1,0E0,0E0,0E0,0E0],"parents":[2147483647,0,0,1,1,2,2],"right_children":[2,4,6,-1,-1,-1,-1],"split_conditions":[1.037E2,7.878788E-1,3.055306E1,1.754446E-1,-3.6965126E-1,3.316728E-1,1.1755573E0],"split_indices":[3,7,6,0,0,0,0],"split_type":[0,0,0,0,0,0,0],"sum_hessian":[3.48E2,2.76E2,7.2E1,1.22E2,1.54E2,5.9E1,1.3E1],"tree_param":{"num_deleted":"0","num_feature":"8","num_nodes":"7","size_leaf_vector":"1"}},{"base_weights":[8.05384E-3,-2.8177018E0,2.1606024E-1,-1.6330415E-1,-1.2436275E0,6.1785226E-4,7.4806976E-1],"categories":[],"categories_nodes":[],"categories_segments":[],"categories_sizes":[],"default_left":[0,0,0,0,0,0,0],"id":8,"left_children":[1,3,5,-1,-1,-1,-1],"loss_changes":[2.0574234E2,7.018471E1,1.588833E2,0E0,0E0,0E0,0E0],"parents":[2147483647,0,0,1,1,2,2],"right_children":[2,4,6,-1,-1,-1,-1],"split_conditions":[8.92E1,6.32E1,9.9095476E-1,-1.6330415E-1,-1.2436275E0,6.1785226E-4,7.4806976E-1],"split_indices":[3,2,7,0,0,0,0],"split_type":[0,0,0,0,0,0,0],"sum_hessian":[3.48E2,2.3E1,3.25E2,9E0,1.4E1,2.98E2,2.7E1],"tree_param":{"num_deleted":"0","num_feature":"8","num_nodes":"7","size_leaf_vector":"1"}},{"base_weights":[3.751487E-3,-6.4309204E-1,5.872964E-1,-1.5589443E-1,-1.6537983E0,4.334064E-1,-3.9478943E-2],"categories":[],"categories_nodes":[],"categories_segments":[],"categories_sizes":[],"default_left":[0,0,0,0,0,0,0],"id":9,"left_children":[1,3,5,-1,-1,-1,-1],"loss_changes":[1.3211201E2,9.6921104E1,1.1360269E2,0E0,0E0,0E0,0E0],"parents":[2147483647,0,0,1,1,2,2],"right_children":[2,4,6,-1,-1,-1,-1],"split_conditions":[9.83E1,9.81E1,9.89E1,-1.5589443E-1,-1.6537983E0,4.334064E-1,-3.9478943E-2],"split_indices":[3,3,1,0,0,0,0],"split_type":[0,0,0,0,0,0,0],"sum_hessian":[3.48E2,1.65E2,1.83E2,1.62E2,3E0,8.3E1,1E2],"tree_param":{"num_deleted":"0","num_feature":"8","num_nodes":"7","size_leaf_vector":"1"}}]},"name":"gbtree"},"learner_model_param":{"base_score":"2.020842E1","boost_from_average":"1","num_class":"0","num_feature":"8","num_target":"1"},"objective":{"name":"reg:squarederror","reg_loss_param":{"scale_pos_weight":"1"}}},"version":[2,0,3]}